,song,time,lyrics
0,Le Meme Sangw/ Diam's,4:05,"Ca va ou quoi ?  Ouais pépère, ça fait plaisir d'être dehors  Bon bah, viens, les parents ils nous attendent,  Ok, ils sont où là ?  A la maison  Si si  Au fait    Mon frère, il serait tant que tu te calmes,  Pose toi qu'on parle car aujourd'hui les parents craquent !  Regarde ta vie, regarde ce que t'as réussi à faire,  T'es voué à l'échec et t'as fait pleurer ta mère !  A force de jouer avec la rue, t'as perdu tes principes,  T'es plus qu'une cible pour les flics, t'es plus qu'un gosse sans avenir !  J'en ai marre des réunions de famille entassés au parloir,  T'as pas le droit de niquer leur vie, non t'as pas le droit de nous faire ça !    J'ai pas choisi les mois passés sous les barreaux,  Je ne suis pas fier d'accélérer le vieillissement de la daronne ! C'est ça !  L'argent ça va mais je préfère quand ça vient,  J'ai fait tout ça pour qu'on soit bien, pour que le frigo soit plein  Je crois que tu comprends pas, quoi, la rue me braque  Je suis là pour payer le loyer pourtant c'est toi qui a eu le bac  J'ai trébuché mais tout va bien rien de cassé,  Depuis que la vie incarcère mon avenir est un casse-tête !    On a le même sang mais c'est pas pour autant qu'on se ressemble,  Pas pour autant qu'on s'entend  Pas pour autant qu'on avance dans le même sens  Pas pour autant pas pour autant qu'on s'aime pas    On a le même sang mais c'est pas pour autant qu'on se ressemble,  Pas pour autant qu'on s'entend  Pas pour autant qu'on avance dans le même sens  Pas pour autant pas pour autant qu'on s'aime pas    Toi tu ne sais que faire que des allers-retours en zonz,  T'es pas foutu d'être un homme à la maison  T'es juste foutu de nous foutre la honte ;  Tu crois franchement qu'elle est fière de son petit,  Qu'elle est fière de son fils quand elle se confie au psy !  Il serait tant que t'arrêtes ta came, que t'arrêtes un peu ton biz,  Que tu quittes un peu ta cave, sans pour autant viser le SMIC,  Mon frère, tu sais on a peur de te perdre, malgré ton coeur de pierre  Nous on t'aime et on serait fier que tu perces !  Regarde t'es pas capable d'avoir une famille,  T'es incapable d'aimer une femme t'es juste coupable de nous salir !  Mon frère ça fait 3 fois que tu vas en taule,  Moi j'ai le poids de la famille sur les épaules  Car je ne veux pas qu'on finisse pauvre !  T'as rien compris nous on s'en fout de ta tune, on s'en fout de ta rue,  Mais tu me rends fou t'as vu !  Parce que je veux pas nous voir en bas,  Je veux que les rent-pa nous voient en star,  Mon frère moi j'aimerais juste que t'arrêtes d'aller au shtar     On a le même sang mais c'est pas pour autant qu'on se ressemble,  Pas pour autant qu'on s'entend  Pas pour autant qu'on avance dans le même sens  Pas pour autant pas pour autant qu'on s'aime pas    On a le même sang mais c'est pas pour autant qu'on se ressemble,  Pas pour autant qu'on s'entend  Pas pour autant qu'on avance dans le même sens  Pas pour autant pas pour autant qu'on s'aime pas    Ma soeur, je mène ma vie dangereusement  Entre le luxe et la misère j'ai fait mon choix malheureusement,  C'est dur de remonter la côte défoncé à l'alcool,  Au cas où tu le sais pas les fachos ont des flashballs!  Tu parles de fonder une famille, mais tous les kondés me fatiguent  Ma vie n'est plus très sure c'est le béton qui me l'a dit  Trop de galère les soucis me déboussolent  L'argent que je vous donne est aussi sale que le sous-sol  Mais remballe ta morale à deux balles t'as rien compris,  Le daron sera fier quand la baraque sera construite  Aller arrête   Des substances, des poèmes, des mauvaises résolutions,  Dans le cerveau plus de problèmes que de solutions !  C'est pas fini, la suite est dramatique,  Quand la situation s'aggrave la tise la dédramatise ;  Il fallait faire ce choix, j'ai préféré  te savoir riche et en colère  Plutôt que pauvre et fier de moi"
1,Mots Pour Maux,3:51,"Noyé par les larmes, assoiffé par les armes  Je combats les mots pour les maux  Mieux que le mal par le mal    Les armes : tout le monde en veut c'est dérisoire,  les jeunes adorent en faire usage pour des histoires de territoire    Les larmes : deviennent des flaques puis des rivières  présentent sur les joues de nos mères lorsque nos juges délibèrent    Le drame : c'est qu'on est plus habilité à faire du trafic en sous-sol  que de la comptabilité    Le crack : fait son entrée dans la partie,  c'est tout nouveau bienvenue dans la bad trip de la matrice    Le hall : reste l'endroit où l'on demeure dans les vapeurs  de beu le voisinage est pris de peur    La drogue : certains la fument d'autres la vendent,  l'erreur c'est de penser qu'elle te fait remonter la pente    L'alcool : atténue la vision des choses,  peut te faire croire que tout est rose mais dans le fond tout est faux    La mort : ne préviens pas quand elle s'infiltre,  elle n'envoie pas de sms quand elle s'invite    {Refrain:}  Je voulais vous le dire avec des phrases avec du flow  Oeil pour oeil, dent pour dent, mots pour maux,  Noyé par les larmes, assoiffé par les armes  Je combats les mots pour les maux  Mieux que le mal par le mal    Les flics : même s'ils te tuent sont acquittés mais peuvent  te faire tomber en taule pour quelques graffitis sans graviter    Les films : de plus en plus violents le public aime ce qui choque,  à quand le court métrage sur Guy Georges    Les filles : n'ont plus de respect pour leurs corps,  elles baisent dès le 1er soir avec leur mec ou leur pote    Le fric : fait tourner le ness, fait tourner la tess,  fait tourner le monde mais fait aussi tourner la tête    La haine : fait des ravages dans les tier-quar,  provoque la mort et la bagarre, les incidents et les dégâts    La guerre : détruit les maisons en Irak,  elle tue les femmes et les enfants, les innocents et des G.I.    La peine : te laisse des rides en héritage,  n'importe qui la décèle parce qu'elle se lit sur les visages    La paix : se négocie mais ne vient pas,  se mérite ne se vend pas, s'installe mais ne tient pas."
2,Pardonnez Moiw/ Zoxea,4:25,"Eh t'sais quoi dans la vie y a un temps pour tout,  Un temps pour niquer  Un temps pour se calmer  Un temps pour se faire pardonner  Parce que moi    J'ai fait des sales trucs ne m'en voulez pas  Chaque jour que dieu fait j'essaie d'être de plus en plus droit  Le jeu de la vie est dure, on est constamment montré du doigt  Si tu veux pas qu'on te tue ici touche un gun ou touche du bois  Quand tu fais des sales trucs, excuse-toi  N'abuse pas même si on te juge pas  Le jeu de la vie est dure, soit on t'abat ou soit tu te bats  Tu te gares ou tu te barres, tu stagnes ou tu gagnes    Pardonnez-moi d'avoir causé du tort à la famille  D'avoir vécu à la va-vite, d'être la cause de leur fatigue,  Je demande pardon pour avoir tué ma jeunesse  Si j'ai les couilles de t'insulter je suis incapable de dire je t'aime  D'avoir connu l'enfer, d'y avoir séjourné  Considérant que les menottes ont plus de classe que les gourmettes  D'avoir agit de façon peu recommandable, ou d'avoir dit au procureur  ""Fais ce que tu veux moi je m'en tape""  De croire que seul l'alcool me délivre,  De m'être cru dans le cartel de médéline  Quand je partais dans mes délires,  Pardonnez ma stupidité, avec mes armes je me défends  Mais j'ai cru que le vol était plus simple que le payement  De m'être cru capable, de tenir le coup  De rentrer défoncé au point de ne même plus tenir debout  Pardonnez moi parce que ma haine a de l'avance  Quand je vois que mes potes sont au ballon  Mais que Papon est en vacance    J'ai fait des sales trucs ne m'en voulez pas  Chaque jour que dieu fait j'essaie d'être de plus en plus droit  Le jeu de la vie est dure, on est constamment montré du doigt  Si tu veux pas qu'on te tue ici touche un gun ou touche du bois  Quand tu fais des sales trucs, excuse-toi  N'abuse pas même si on te juge pas  Le jeu de la vie est dure, soit on t'abat ou soit tu te bats  Tu te gares ou tu te barres, tu stagnes ou tu gagnes    Pardonnez moi mais j'ai le coeur éclaté  J'ai plus d'amour pour le quartier que pour cette pute les deux jambes écartées  Pardonnez moi d'avoir séché la classe, l'enseignement est une richesse  Certains se battraient pour être à ma place  D'avoir choqué ma mère quand je dormais sous les verrous  D'esquiver son regard quand mes yeux verts deviennent rouges  De devenir ce que mon père n'a jamais voulu que je sois  Un gosse qui dors le jour et sors le soir  D'avoir écrit des rimes un peu stupides, un peu gratuites  Que je ne saurais vous traduire  M'en voulez pas d'avoir compris tardivement  D'aimer les armes au point d'apprendre leurs maniements naïvement  D'avoir vécu comme un malade, là où le malheur se balade  D'avoir foutu en l'air ma life,  Pardonnez moi mais la musique devient mon seul échappatoire  J'ai peur de terminer à l'abattoir    J'ai fait des sales trucs ne m'en voulez pas  Chaque jour que dieu fait j'essaie d'être de plus en plus droit  Le jeu de la vie est dure, on est constamment montré du doigt  Si tu veux pas qu'on te tue ici touche un gun ou touche du bois  Quand tu fais des sales trucs, excuse-toi  N'abuse pas même si on te juge pas  Le jeu de la vie est dure, soit on t'abat ou soit tu te bats  Tu te gares ou tu te barres, tu stagnes ou tu gagnes    Pardonnez moi pour tous ces moments difficiles  Pour tous mes excès de violence qu'ils soient verbales ou physiques  Pardonnez moi mais j'ai du mal à décrocher  D'avoir incité à la haine lorsque la paix était prônée  De passer mon temps à bailler,  D'avoir franchi tout ces paliers, de faire du mal à mon cahier  Pardonnez moi trop de lois j'ai enfreint  Pour ça j'ai laissé mes empreintes, je vais changer soyez sans crainte    J'ai fait des sales trucs ne m'en voulez pas  Chaque jour que dieu fait j'essaie d'être de plus en plus droit  Le jeu de la vie est dure, on est constamment montré du doigt  Si tu veux pas qu'on te tue ici touche un gun ou touche du bois  Quand tu fais des sales trucs, excuse-toi  N'abuse pas même si on te juge pas  Le jeu de la vie est dure, soit on t'abat ou soit tu te bats  Tu te gares ou tu te barres, tu stagnes ou tu gagnes"
3,Sombre,4:02,"Ce soir je gratte le cahier, l'inspiration sortie d'une cage d'escalier  Ce soir je dors dans une tombe emportée par le son escorté par le songe  Le stylo plume crie à ma place, c'est le côté malsain qui se reflète dans la glace  N'importe qui peut te descendre dans le 91 y'a plus de morts que de naissances    J'ai pas le moral tous les jours c'est l'automne  Moi je ne veux pas me mettre au norme tous les chemins me mènent au Rhum  Je ne pense qu'à rapper, je dors sur le canapé  Malin j'ai raquetté la ceinture noire au prof de karaté  Un bon verre de sky comme petit ami  Dans la té-ci on touche le fond sans faire la bise au Titanic  J'ai commencé sans un sou sans rien en poche  Et entre nous je me fous de vos entretiens d'embauche  J'ai des soucis quand la justice veut en découdre  Le genre de problème que même un prof de maths ne pourrait pas résoudre  Les contentieux se règlent aux clés à molette  Dès le matin je trempe mon join dans le chocolat au lait  Le taux de chômage explose dans le quartier  Mais y'a toujours une solution les hôpitaux recrutent des brancardiers  J'écris sans mes neurones parce que je peux laisser ma vie pour des histoires qui vont de 2 à 200 000 euros  Un join de plus et je m'envole en catapulte si tu me vois pas en bas de la rue  C'est que je dors en garde à vue Ma gueule  Toujours en force dans le hall, j'ai commencé par prendre des heures de colles après j'ai pris des jours de taule  C'est le déclin et dans ce monde je suis bien seul  1.2. Ici tu passes du rire au deuil en un clin d'oeil  Les lois je transgresse, le foie je transperce  Les femmes sont des garces  Ma Playstation mérite plus de tendresse    Sombre !! Ce soir je gratte le cahier, l'inspiration sortie d'une cage d'escalier  Sombre !! Ce soir je dors dans une tombe emportée par le son escorté par le songe  Sombre !! Le stylo plume crie à ma place, c'est le côté malsain qui se reflète dans la glace  Sombre !! N'importe qui peut te descendre dans le 91 y'a plus de morts que de naissances    Dans ma rue on aperçoit la Tour Eiffel  Chez nous c'est pas le chant du coq c'est les poulets qui nous réveillent  Ca sent l'odé sur un banc abandonné il me faut un bête de véhicule car je n'aime pas la randonnée  Moi, j'esquive les barrages de la douane le point commun entre mon ciel et mon hôtel c'est que les 2 n'ont pas d'étoile  Les portes sont verrouillées les jeunes ont des problèmes dans un pays qui considère David Douillet comme un prophète  Y'a que des oufs comme à l'asile les flics sont des paparazzis  Toutes mes photos sont chez les keufs pas dans les magasines  Démolition de portraits, déclaré forfait  Compare les Ulis à New York en plus solide que le World Trade  Je suis un magicien, ma culture vient de la Ur  Je n'ai pas lu les misérables j'ai lu le parisien  Va dire aux putes que je veux prendre de la hauteur  Avec mon stylo plume directement relié au coeur  Loin de Paris je ressens le mal du pays si je vais en taule envoyer une carte postale du périph  J'ai le regret de vous annoncer qu'on régresse  Alors parle à mes fesses moi j'écoute dieu pas la maîtresse  Mentalité nique la terre quand les keufs passent lance une pierre  Autant de pression dans cette phase que dans une bière !!!!!    {au Refrain}    Sombre !! Les plus gentils font de la peine les guerriers sont plus nombreux que les partisans de la paix  Sombre !! Je ne rigole pas tel un videur y'a que des gueules d'enterrement les chrysanthèmes sont de rigueurs  Sombre !! Je viens vous faire part de ma lassitude t'inquiète j'ai l'habitude de la vie dure  Tel est le style de ma musique  Sponsorisée par un fusil"
4,Viens,3:50,"J'ai eu mal quand on m'a dit que mon ami était à terre,  Quand j'ai appris qu'il était mort d'une hémorragie interne ;  J'ai souffert quand les kondés m'ont tabassé,  Devant le rire de l'inspecteur quand les pompiers m'ont ramassé ;  J'ai rigolé avec un peu de chichon dans le crâne,  J'écris les pages de ma vie, mets-moi un petit peu de son dans le casque...  J'ai regretté d'être celui qui portait l'arme,  D'avoir laissé toute une famille au bord des larmes,  J'ai maudit ma fierté d'Ulyssien celle qui m'empêche de dire à ma mère  Que sans elle je ne suis rien !  J'ai trafiqué pour être beau et faire des sous parce que les sapes de la croix rouge ne correspondent pas à mes goûts,  J'ai compris que la musique était mon truc que ça prendrait plus de temps vu que je ne donnerai pas mon uc !  J'ai appris que la liberté ne se vend pas,  Mais qu'elle vaut chère lorsque le juge s'en empare !  J'ai réalisé combien mes potes valaient chers  Que l'amitié ne se prend pas à la légère frère,  J'ai grandi l'esprit en décalage,  La drogue n'a rien de douce quand te scotche au carrelage  J'ai travaillé mes rimes durement si tu savais  Pour qu'on me dise que mon pe-ra il tue sa mère !!  J'ai pleuré toutes les larmes de mon corps comme un gosse  Devant la tombe en marbre de mon soce !    {Refrain:}  Viens !!! Viens !!!!  Je te ramène dans un monde où la violence se répand où seules les bombes se répondent,  Viens !!!  J'habite dans un tier-quar tout pourri on voit des cars de CRS mais pas des cars de touristes  Viens !!! Viens !!!!  On a la rage toute l'année format A4 pour écrire OCB Slim pour planer  Viens !!!  Tu verras bien qu'on s'entretue tu comprendras pourquoi les caméras ne rentrent plus !!!    J'ai kiffé quand on m'a dit ton pe-ra est crédible,  J'ai eu peur quand le docteur m'a dit ton état est critique,  J'ai connu ces moments de galère où ça va mal quand le frigo te fait penser au Sahara !  J'ai pionsé sur des bancs de garde à vue,  J'ai fumé sur un nuage et l'allumage me catapulte.  J'ai esquivé les enquêtes et les crochets,  J'ai perdu mes procès mais je conserve mes trophées.  J'ai nagé dans une mer de whisky j'ai conservé ma dignité évitant de faire le miskin !  J'ai rappé tristement parce que nos vies en sont de même,  J'ai pas le niveau chanson de merde !  J'ai chassé les vautours de mon esprit parce que les jeunes ont des teaux-cou  J'ai dû m'inscrire à l'escrime.  J'ai roulé ma bosse au crépuscule  J'ai purgé toutes mes peines derrière une barre de muscu !    {au Refrain}    J'ai démoli mon avenir, tout seul, à coup de délits stupides  J'ai fait couler mon navire en douceur.  J'ai apprécié qu'on me relève quand je tombe,  J'ai accepté en grandissant qu'on me reprenne quand je me trompe.  J'ai traîné toute la nuit, jusqu'à l'aube,  J'ai espéré ne pas compter sur les arnaques ou les alloc...  J'ai encaissé quand le père de la victime m'a dit  "" Petit con tu mérites la prison à vie ""  J'ai soufflé les bougies et l'alcootest  J'ai dit au revoir à mon permis et je me suis mis à la contrex  J'ai chanté ma déprime !!!!!!"
5,Dans le Vif,3:58,"Fred:  Salut Sinik, merci de passer tard ce soir en nocturne. C'est assez marrant depuis que j'ai dis que tu venais ya des tonnes de messages qui arrivent sur toi.  Regarde là c'est sur internet et une en particulier, posée par émule du 05 qui nous dit : voila t'es blond tu fais des clash, t'es un petit peu le Eminem français, tu ressens quoi quand on te dis ca ?    Sinik :  Ca c'est le genre de question qui fait péter un plomb,  Car je suis blanc je suis bon mais ne croit pas que je suis blond.  Tu me parles des clashs de son film et de son clip mais  Je me battais dans les battle quand Eminem n'avait pas lu son script.  J'suis venu sans faire de pub sans jamais faire de tube  Et tu me compares à un lascar qui traîne sa mère de pute  En plus je suis pas du genre à parler vite,  Le seul docteur que je connais fait des piqûres pas des beats    Fred :  Nan, nan attends attends je voulais pas t'énerver mais t'es d'accord que si je reprends la première question, on peut pas s'empêcher de te comparer à lui parce que t'es blanc parce que tu rap.    Sinik :  J'en ai marre qu'on me compare parce que je suis blanc je rap et j'ecris  Si je résonnais comme toi tous les chinois serait Jet Li  J'habite en France mon rap ne touchera pas les states  J'm'appelles S.I.N.I.K j'exige qu'on me respecte    Fred :  Ok, Sinik t'en es maintenant à ton deuxième album, le précèdent ""la main sur le coeur"" a fait plus que disque d'or, tu fais des concerts, t'es en studio, comment ça se passe, les potes le quartier c'est toujours les mêmes habitudes, les mêmes regards ?    Sinik :  J'avoue c'est plus comme avant  Des amis j'en ai perdu tellement  J'aimerais tant remonter le temps  Mon équipe s'est réduite, j'ai trop la haine  Les fans ont remplacés les potes  Est-ce que rapper en vaut la peine ?  Aujourd'hui on se voit moins  Peut être 3 fois par an  Et je te jure que réussir tout seul c'est beaucoup moins marrant.  Nostalgique de la galère entre potos  Parfois il n'y a qu'un pas entre un album et un album photo  Le destin a creusé un écart  Comme si en baisant la musique j'avais tromper le tié-quart  Je regrette tous ces fous rires alcoolisés  Aujourd'hui je traverse la mer à la rame en solitaire    Fred:  Sinik on va parler de Diam's maintenant.  Diam's et toi vous venez du même coin (les Ulis)  On dit que vous êtes potes, on dit aussi des trucs qui sont parfois très dur contre elle.  J'voulais savoir si toi tu était touché par ça  Et surtout qui est-elle vraiment pour toi ?    Sinik:  Diam's c'est la famille, je l'ai vu défoncer les portes  J'ai pas attendu brut de femme pour être sure qu'elle était forte  Je recevais ses lettres par kilo en cage  Quand mon poto me faisait le coup du stylo en panne  Elle ma trouvé j'étais au fin fond du ghetto  Elle ma convaincu que vendre des albums c'est mieux que du bédo  Une brute de femme, du flow des putains de phases  Tu parles mais toi aussi tu la kiffer la putain de vibes  Les Ulis, mon shit ma musique et mes amis  PS: N'oubliez pas d'ajouter Mélanie  Alors ou les petites font du sur-place  Le rap au féminin n'a qu'un seul blaze    Fred:  Bon ok, la j'penses que sur Diam's on a bien compris, c'est la famille on touche pas.  Mais ya quand même quelque chose d'intéressant dans ta réponse, tu me dis ""Diam's t'envoyais du courrier lorsque t'étais en prison"" et la prison justement c'est pas la première fois que t'en parle, moi j'ai lu des interviews, tu l'a évoqué régulièrement, t'en a fais un morceau, c'était ""D332""sur ton premier album.  Honnêtement la prison Sinik, c'est ton fond de commerce non ?    Sinik :  Non, la prison j'y suis allé  Je m'en souviendrais  Mais pas plus que ça  Les journalistes en parle plus que moi  J'ai vraiment pas besoin d'elle pour être crédible  Va dire à la critique que je préfère ma vie a celle de Patrick Dills  C'est tu ce que c'est d'être enfermé par une bande de chien  Se demander si la famille ne manque de rien  Alors j'en parle pour faire plaisir à guillaume et Idris  Pour les petits qui pense que c'est mortel comme un hôtel IBIS  J'ai retranscrit pour m'encourager  Voulant tout lâcher j'en ai parler pour me soulager  Les plus belles amitiés de ma collection  Que le maton nique sa mère, les concernés se reconnaîtront    Fred:  Sinik, avant de te laisser filer, si on parle avenir proche, j'dirais que c'est maintenant, t'es venu avec le nouvel album, à quoi y faut s'attendre ?    Sinik :  Cet album c'est mon enfant, le plus hardcore de mes projets  J'ai mis la barre trop haute seul un avion pourra la décrocher  Que du lourd, des mélodies sortit du bloc  N'oublie jamais que le beat est le meilleur ami du flow  A mes yeux je reste vrai, sincère je le promet  Cet album c'est le deuxième il est meilleur que le premier  Des menottes, un stylo et quelques potes  Bienvenue ça commence par un piano et quelques notes"
6,Descente aux Enfers,4:58,"Wé c'est moi  sa va t'a passé une bonne journer ajourd'hui ?  (Et qu'est ce que sa peut te fouttre depuis quant tu t'y interesse)  attend t'es serieuse la, j'viens rentre du taff j'te demande comment sa va  et d'entrer tu m'gueule dessus mais t'es malade ou quoi ?  (Wé j'te gueule dessus parcque j'en ai assez d'rester comme sa  toute la journer a t'atendre)  mais attend mais attend mais qu'est ce qu'tu parle toi  qui c'est qui ramene a manger dans cette putain d'maison  c'est qui qui fait l'taff ici ?  (Eh parle moi corectement je vais pas te remercier aujourd'hui  pour tout ce que tu m'apporte hein qu'est ce que tu m'apporte ?)  Mais comment sa je te parle correctement tu parle à qui toi ?  (Qu'est ce que tu m'apporte va te faire foutre)  Eh mais ferme ta gueule ferme ta gueule tu parle a qui ?    J'avais tout pour reussir j'avais la vie devant moi  une femme de reve 2 enfants une maison et un emploie  j'voulais l'bonheur de ma famille la veriter  que notre vie soient ressemblentent à une serie americaine  mais bon l'amour c'est comme les fleurs  sa fane sa part en couille et sa commence quand tu t'embrouille avec ta femme  et pendant s'temps comment sa va demande les autres  bien sauf que j'ai peur de la boxer devant les gosses  peut a peut j'y laisse mes forces et mon courage  quand tu comme a te souler a croire que sa te soulage  et puis un jour elle en a eu marre que je la tape  en rentrant aprés le taff j'ai vu sa lettre sur la table  expliquant qu'elle en a marre des bagares des mésententes  qu'elle a rendez vous cher le juges pour la garde des enfants  des nuits blanches en regrettant en relisant sa lettre  comment prier le ciel quand il te tombe sur la tete    Alors je chante pour oublier que j'ai mal  pour que sa change pour croire que je m'evade  Alors j'ecrits pour oublier que c'est triste  je décris pour oublier que je deprime  Alors je chante pour oublier que j'ai mal  pour que sa change pour croire que je m'evade  Alors j'ecrits pour oublier que c'est triste  je décris pour oublier que je deprime    Je ne suis qu'un homme à la derive  seul dans une maison vide mes souvenirs  ne suffisent plus donne moi une seule raison d'vivre  moi qui penser que cette histoire aller me servir de leçons  moi qui penser avoir deja toucher le fond  je me forcer a boire comme si je buvait de la pisse  et mes collegues on remarqués que je puer la tize  le boss ma convoquer sans faire de sentiments  et si ma mort avait un nom je l'appelerai licenciement  mais que croit tu c'est pas un choix c'est un choc  france telecom et EDF t'obligent a retrouver un job  endeter j'ai l'impression que je m'enterre  perdu mauvaise nouvelle verdict pension alimentaire  et tu comprends que t'es amis sont des lacheurs  toc toc c'est l'huicier le comissaire et les déménageurs  alors bien sur que tu leurs souhaite de mourrir en enfer  tu repense aux gens chers à la vente aux encheres    Alors je chante pour oublier que j'ai mal  pour que sa change pour croire que je m'evade  Alors j'ecrits pour oublier que c'est triste  je décris pour oublier que je deprime  Alors je chante pour oublier que j'ai mal  pour que sa change pour croire que je m'evade  Alors j'ecrits pour oublier que c'est triste  je décris pour oublier que je deprime    J'me suis couché sous un pont si loin de mes reves  j'ai mon carton svp me voila donc SDF (putain)  j'ai plus de mots pour mes 2 momes que j'aimais trop  je reste la a pompé les megots a compter les metro  a demander de l'aide mais la misere ne se remarque pas  les passant passent mais ne regardent pas  les recruteurs me demandent ou je demeure  alors a cause de cette vie de merde j'ai des envis de meurtre  paranoiaque tu vieilli vite la rue te défouraille  a 35 piges t'a plus de rides que le pere Fourra  Sans amours sans domicile sans espoir  c'etaient l'histoire d'un homme sans histoire...    Encore un drame de l'exclusion un SDF a été retrouver  mort de froid dans une rue de paris la nuit derniere  l'homme avait 35 ans un ancien cadre superieur  dont la vie avait semble t'il basculer  c'est deja la quatrieme victime de la vague de froid  qui c'est abattu sur la france depuis 15 jours  Dans le reste de l'actualiter le sud de l'Inde est toujours en cause menacer ....    Alors je chante pour oublier que j'ai mal  pour que sa change pour croire que je m'evade  Alors j'ecrits pour oublier que c'est triste  je décris pour oublier que je deprime  Alors je chante pour oublier que j'ai mal  pour que sa change pour croire que je m'evade  Alors j'ecrits pour oublier que c'est triste  je décris pour oublier que je deprime    Alors je chante pour oublier que j'ai mal  pour que sa change pour croire que je m'evade  Alors j'ecrits pour oublier que c'est triste  je décris pour oublier que je deprime"
7,Ne Dis Jamais,3:57,"Ne dis jamais j'ai tout appris, dans ce monde nul ne sait  Dans ce monde où rien n'est acquis, plus j'en bave et plus j'en aurais  Ne dis jamais tout est foutu quand les jeux sont même pas faits  Prends les choses en mains et fonces et surtout ne dis jamais jamais    Ne dis jamais que j'ai pas mérité d'avoir un disque en or  Pire encore que le rap est mort mais je respire encore  Ne dis jamais que tout est gris dans ce ciel  Que la douleur doit cesser mais qui se plaint dans l'16ème  Ne donnes jamais l'adresse à un pote  Ne dis jamais karcher quand tu t'adresses à un homme  Ne dis jamais où sont passés les gens aimables  Les jeunes s'en veulent, j'en ai mal j'abandonne j'en ai marre  Ne dis jamais y a les français y a les étrangers  Faut-il une coupe du monde pour te prouver qu'on peux se mélanger  Ne dis jamais je vais braquer pour faire du fric  Je viens de la banlieue j'suis condamné à faire des frites  Ne dis jamais j'arréte l'école ca y est je claque la porte  J'veux raper en indé pour être blindé à mort  Ne dis jamais du mal, de moi de ma clique de Karim ou de Nabil  De ma rime ou de ma ville    Ne dis jamais j'ai tout appris, dans ce monde nul ne sait  Dans ce monde où rien n'est acquis, plus j'en bave et plus j'en aurais  Ne dis jamais tout est foutu quand les jeux sont même pas faits  Prends les choses en mains et fonces et surtout ne dis jamais jamais    Ne dis jamais j'suis incapable trop souvent j'suis incompris  Y a tellement d'rêves que j'ai du mal à accomplir  Ne dis jamais j'attaque la banque avant la fermeture  T'as même pas l'âge de faire le mur mais tu veux faire le dur  Ne dis jamais Jean-Marie je le trouve cool  Surtout si du Magreb tu n'apprécies que le couscous  à ton avenir ne dis jamais je vais improviser  Ne dis jamais quand je s'rais grand je s'rais un policier  Ne dis jamais je sors en boîte, ce soir je fais la fète  Surtout si le videur n'a jamais vu ta tête  Ne dis jamais je me sens égaré  Ne dis jamais j'suis comme tout le monde si ton appart fais 200m carré  N'oublie jamais le béton, le rrain-té  Si tu mens ne dis jamais sur la tombe de untel  Ne dis jamais jamais tout porte à croire que ça porte la poisse  Fin du couplet que l'on m'apporte à boire    Ne dis jamais j'ai tout appris, dans ce monde nul ne sait  Dans ce monde où rien n'est acquis, plus j'en bave et plus j'en aurais  Ne dis jamais tout est foutu quand les jeux sont même pas faits  Prends les choses en mains et fonces et surtout ne dis jamais jamais    J'adresse ces mots à ceux qui comme moi se cachent pour prier  Même si j'ai tord d'un rêve à l'autre, je me forge en secret  Et si j'en sors indemne  C'est parce que je ne dis jamais jamais!    Ne dis jamais j'ai tout appris, dans ce monde nul ne sait  Dans ce monde où rien n'est acquis, plus j'en bave et plus j'en aurais  Ne dis jamais tout est foutu quand les jeux sont même pas faits  Prends les choses en mains et fonces et surtout ne dis jamais jamais"
8,Zone Interdite,7:02,"De nos jours le monde est mortel, les revolvers et les  cocktails, les prisonniers qui rêvent de putes et  d'hélicoptères, sortis de Paname, les armes sont toujours  fatales, la mort, le traffic et la drogue dure ça devient  banale.  Hardcore à la Tandem, j'avance dans la tempête, le Diable  veut nous tenter, j'espère avoir la trentaine.  Petite si t'as revé d'un ciel étoilé, sache que Roméo baise  Juliette dans les toilettes.  Les poukaves, la garde à v' et c'est le carnage.  Claque en CM2 une maison schlass dans le cartable.  Considères la rue comme un abris si tu reçois que des  insultes et des crachats comme un arbitre.  Ben ouais, parce qu'on fume la vie comme un mégot, les  inspecteurs de mes deux, les détecteurs de métaux,  représentant la tess et le 91, tous les reufrés qui chantent  le texte et le refrain.      Refrain x2 :    J'en place 1 pour la rue  2 pour mon bloc  3 pour mon hall  4-5 pour les keumés coincés en taule  6 pour le bizz  7 pour le 78 pour les pits  9 anti-keufs  10 pour les disques      C'est pour les jeunes qui vivent au portable, qui sautent le  portail, mes lascars qui veulent avoir le permis port  d'armes, qui font des cauchemars, dealer trouvent ça normal,  veulent une carrière à la Drogba ou à la Jordan, pour ceux  qui vomissent, les fautes qu'ils ont commises, personne ne  rigole, j'ai du respect pour les comiques.  Hey, c'est pour les frères et les soeurs de mon quartier, les  juges qui ne jugent que les épaisseurs de mon casier,  le moral cassé contraint d'aller bosser.  Naître pour n'être qu'un numéro de dossier.  Ceux qui en ont marre de devoir plaider, de prendre des PVs,  marre de voir des PDs, c'est pour les gentils, t'envoient  leurs têtes dans les gencives, les gros méchants ça tue les  gentils, retrouvés sans vie, mort pour un sans-fil, les  ennuis tu les empiles, tu meurs pour un centime.    (Refrain x2)    J'en place une pour les soldats qui ont peur de Dieu,  mais pas du sautage qui boivent des bières,  mais pas des sodas qui mettent des pare-balles qui prennent le partage,  une larme sur le parquet, une arme sous le parka.  Casseurs de vitrines, chasseurs de victimes, mais que veux-tu ?  Ce n'est plus des jeunes, c'est des vikings, les guns, les  fusils, les jeunes se fusillent.  Applaudissez la politique à la Poutine, dans la sécu, dans le  foot ou dans la peuta, il y a ceux qui veulent des medailles  et ceux qui vont a Meuda, ceux qui sont partis, ceux qui  trainent sur le parking, ceux qui te crèvent sur le parti    (Refrain x5)"
9,Autodestruction,4:32,"Je suis ce père de famille  Je n'ai pas su rouler ma bosse  Mais je me défonce a l'alcool  Puis je me défoule sur ma gosse  Je suis cette femme qui rêve d'une carrière dans le disque  Qui veut être star du cinéma, qui fera la pute dans le X  Je suis un étranger, dis moi je peux faire quoi  Puisque je ne fais que déranger  C'est ce que la France veut me faire croire  Je suis sans domicile, défiguré comme Albator  La société me fait comprendre qu'elle prend les hommes pour des labradors  Je suis maton j'enferme les hommes sans regrets  Je prends du plaisir quand je me rappelle qu'on me tapé a la récré  Je suis fugueur parce que mon cœur n'est plus qu'une cicatrice  Parce que les juges me veulent en psychiatrie  Je suis un clown dans un piteux état  Je m'oblige à être drôle pour oublier que ma vie ne l'est pas  Je suis un fou qui a perdu la boule  Puisqu'on ma traîner dans la boue, je viens dégainer dans la foule    Parce qu'on perd tous la raison  On rêve de brûler les saisons  Et de voler vers un horizon moins sombre  On veut pas être comme tout le monde  C'est soit on sort de l'ombre  Soit on tombe dans l'auto destruction    Parce qu'on perd tous la raison  On rêve de brûler les saisons  Et de voler vers un horizon moins sombre  On veut pas être comme tout le monde  C'est soit on sort de l'ombre  Soit on tombe dans l'auto destruction    Je suis ce type a la ramasse  Tous mes rêves sont à la casse  A cause de moi ma meuf est à la maaf  Ma gosse est à la DASS  Je suis une jeune groupille  Je crie comme je respire  Anorexie c'est mon ness-biz  Je veux ressembler à Britney Spears  Je suis consommateur, je me demande ou vont mes tunes  Je suis têtu alors je fûmes pourtant je sais que fumer tue  Je suis un condamné a perpette  Canal + pour me rincer l’œil  Je sortirais dans un cercueil  Je suis un grand malade  Courageux, écoute bien,  Je suis chauve mais la tondeuse n'y est pour rien  Je suis un enfant du ghetto comme Jackie  Je dors au CJD car je pratique le hall jacking  Je suis une mère de famille  J'ai peu d'argent et 4 gamins  Hier encore je cachais de la viande dans mon sac a main  Je suis un commerçant, le pharmacien  Dans le quartier depuis 20ans j'ai vus grandir mes futurs assassins    Parce qu'on perd tous la raison  On rêve de brûler les saisons  Et de voler vers un horizon moins sombre  On veut pas être comme tout le monde  C'est soit on sort de l'ombre  Soit on tombe dans l'auto destruction    Parce qu'on perd tous la raison  On rêve de brûler les saisons  Et de voler vers un horizon moins sombre  On veut pas être comme tout le monde  C'est soit on sort de l'ombre  Soit on tombe dans l'auto destruction    Je suis ce petit gosse de riche J'ai peur quand on m'engueule  Tous mes camarades m'en veulent  Millionnaire mais tellement seul  Je suis l'ado en mal de tout un petit peu trop stupide  Bientôt je ne serais qu'une statistique du taux de suicide  Je suis une femme de ménage, comment te dire que je n'ai pas la haine  De ramasser une poussière qui n'est pas la mienne  Je suis un cancre face au mur pour être mutilé  Est-ce un crime de ne pas savoir multiplier ?  Je suis un arrivant, soulage mes yeux quand je les baisse  Pendant que les corbeaux discutent les chats mangent je les restes  Je suis ce jeune rappeur  Talentueux mais résolu  Incompris mais content car méconnu    Parce qu'on perd tous la raison  On rêve de brûler les saisons  Et de voler vers un horizon moins sombre  On veut pas être comme tout le monde  C'est soit on sort de l'ombre  Soit on tombe dans l'auto destruction    Parce qu'on perd tous la raison  On rêve de brûler les saisons  Et de voler vers un horizon moins sombre  On veut pas être comme tout le monde  C'est soit on sort de l'ombre  Soit on tombe dans l'auto destruction"
10,Dans Mon Club,3:34,"Dans mon club c'est la banlieue ça fume des oinj en cachette Tenue ghetto exigée ça rentre en short en claquettes Ici, y a personne qui prend ou qui vend d'la séssss Pas de canapés, que des bancs de la tess Tu trouves de tout, des pas beaux, des ex-taulards,  Des Pablo, des Escobar, Des raclos qui restent au bar Ni le strass, ni les paillettes,  Le show business fait la tronche Hé ouais zinclar dans mon club  Bob Sinclar fait la plonge Les égarés veulent douiller les 50 Cents C'est Jay Carré qui fait mouiller les strings ficelles Y a que Moussa qui pouvait faire le physio Dans mon club les Travolta possèdent une paire de ciseaux On ne fait rentrer que les miss France et pas les Miss Dominique !  On recale les dolipranes, que des bêtes de jolies dames Dans mon club les polygames veulent niquer les Monica !!  Bienvenue dans mon club flippez pas c'est le ghetto ! Chicha, offishal, coffee shop et bédo Déposez vos flingues et vos objets à métaux C'est réservé aux dingues à ceux qui dorment dans les halls ! Bienvenue dans mon club flippez pas c'est le ghetto ! Chicha, offishal, coffee shop et bédo Déposez vos flingues et vos objets à métaux C'est réservé aux dingues à ceux qui dorment dans les halls !  Dans mon club y a que du rap pour mieux plaire à tes tympans Il parait même que les Guetta veulent me faire un guet- apens ! Soit prudent il faut venir en équipe ou en taco Dans mon club le voiturier part au bled avec ta gove Man ! La jet-set s'approvisionne regarde ça Hier encore j'ai vendu des gar-ci à Massimo Garcia !! Les rappeurs s'y repèrent Viennent y faire un petit tour Dans mon club les petits fous tirent pour des petits fours ! Dans mon club le GBR Family fait ce qu'il veut : La Vista, Oncle Mo, Thierry Boss et Steven Les impacts sur la porte, on se croirait dans les experts Dans mon club les pickpokets sont cachés dans les vestiaires ! J'ai construit mon restaurant pour faire du chiffre sur la vente Mais si tu manges, fait attention y a peut être du shit sur la viande ! Dans mon club c'est l'Afrique, Brooklin et Mexico Au sous-sol ça joue aux cartes, au poker avec Chico !  Bienvenue dans mon club flippez pas c'est le ghetto ! Chicha, offishal, coffee shop et bédo Déposez vos flingues et vos objets à métaux C'est réservé aux dingues à ceux qui dorment dans les halls ! Bienvenue dans mon club flippez pas c'est le ghetto ! Chicha, offishal, coffee shop et bédo Déposez vos flingues et vos objets à métaux C'est réservé aux dingues à ceux qui dorment dans les halls !   Dans mon club les recalés  Défouraillent mais visent trop mal Mes videurs résistent aux balles Man ! Mon barman pousse les mecs à la conso ; 100 000 watts mais c'est pas grave, c'est Popeye à la console C'est la fête alors j'ai mis un kilo de beu dans mon blunt Soit prudent les non fumeurs se font niquer dans mon club Dans mon club, c'est l'anarchie, les blagueurs se font braquer Dans mon club, Tony Parker lave les chiottes et le parquet Dans mon club, ça part en couille, vers 3 heures ça place des coups de tête L'alcool ça les rend ouf alors souvent ça casse des bouteilles T'as voulu clasher dans mon club mais t'es toujours pas en mesure 91 banlieue sud, t'es toujours pas en mesure frère !  Bienvenue dans mon club flippez pas c'est le ghetto ! Chicha, offishal, coffee shop et bédo Déposez vos flingues et vos objets à métaux C'est réservé aux dingues à ceux qui dorment dans les halls ! Bienvenue dans mon club flippez pas c'est le ghetto ! Chicha, offishal, coffee shop et bédo Déposez vos flingues et vos objets à métaux C'est réservé aux dingues à ceux qui dorment dans les halls !"
11,De Tout La Hautw/ Kayna Samet,4:29,"J'me présente j'étais un homme, aujourd'hui je suis un mort  Je vous regarde de là haut sans dire un mot tel un môme  Alcoolisé pour mieux exterminer le mal  C'est la bouteille qui m'a tué ma Mercedes a terminé le taf  Je peux tout voir même le fond de la téteille  J'ai vu mon ancien meilleur pote dire à ma femme qu'elle était belle  Et dire, que ce batard, a mangé à ma table  Ne dépose rien sur ma tombe offre des fleurs à ma femme   Je vois ma pierre tombale, ceux qui viennent et ceux qui n'viennent pas  Plutôt ceux qui m'aiment qui ne m'aiment pas  Je peux tout voir et je n'vais rien vous cacher  Certains y pleurent certains y vont pour cracher  Je vois ma fille, je pleure quand j'ai le blue  Je la regarde, grandir, je me réveille quand elle tousse  Je refuse qu'elle voit mon nom sur une plaque de marbre  Il pleut car je pleure des flaques de larmes  Peu de regrets d'avoir laissé passer ma chance  De regarder mon plus jeune frère débarrasser ma chambre  De le voir devenir insolent, tête de pierre  Cané se réfugier dans les canettes de bières  J'aperçois Mélanie, tous les jaloux qui veulent sa mort  Hier j'ai vu un mec chelou près de sa porte  Je vois tous ces rappeurs, rapper tout haut se qu'ils pensaient tout bas  Vendre ma mort comme si j'étais Tupac    Moi je vois l'pont mais de l'au-delà   Les mots me prennent à la gorge   J'pourrais remplir des sots de larmes   On m'a poussé à la faute   De tout là haut j'me sens si seule si mal si loin des autres.     J'ai remarqué que pour certains je n'étais pas irremplaçable   Je suis mort mais ils ne parlent que de la taille de mon plasma   Tous ces chiens que j'aimais tant que j'ai abrité de mon toit   Se battent pour obtenir la garde pas de ma gosse mais de mon quad,   De tout là haut je vois le maire manigancer   J'ai vu comment ces buldozers avaient cassé l'bâtiment C   Karim, j'étais présent à ton mariage, à titre postum   De tout là haut j'avais enfilé l'costume   Moi ma femme n'y arrive pas les rel'vés sont mensuels  J'deviens ouf hier j'ai vu son frère levé la main sur elle  Certains fans me regrettent j'en ai vu un s'couper la veine  J'fume une clope regardant mes res-frè tourner à Fresnes  Tous les matins à la même heure j'revois ma mère aller en course  T'imagine pas comment j'ai mal quand je l'entend chialer en douce  Mon père si courageux, toute une vie de sacrifice  J'ai tricar que son visage, en 2 piges en a pris 10  T'inquiète mon argent t'es reversé  Nabil, j'aimerais tant que tu m'entendes j'ai pas eu l'temps d'te remercier  J'ai tout vu de tout là haut les jaloux, jeter des yeux  Mais dans ma tête je restais jeune j'aime toujours jeter des œufs  Ignorant que mon regard venait des cieux  J'ai bien vu rue des Bergères que des enfants vendaient des xeus  VIP j'ai vu la juge faire du pied à Devillepin  Condamné on voyait Pix dans les promenades de Villepinte  Wesh mon vieux, ça fait un bail elles sont bizarres nos trajectoires  Te voilà seul et depuis peu ton frère Nasser est avec moi  Tous les jours ont r'fait le monde discutant regard au loin  T'es au courant malheureusement Bénaïssa nous a rejoint  Regretté je pense qu'eux même les plus lâche n'ont plus l'age  Solidaires alors ont traîne de nuages en nuages  De tout là haut, mes espoirs sont mes vœux  N'oubli pas que je vois tout que les étoiles sont mes yeux    Moi je vois l'pont mais de l'au-delà   Les mots me prennent à la gorge   J'pourrais remplir des sots de larmes   On m'a poussé à la faute   De tout là haut j'me sens si seule si mal si loin des autres    Moi je vois l'pont mais de l'au-delà   Les mots me prennent à la gorge   J'pourrais remplir des sots de larmes   On m'a poussé à la faute   De tout là haut j'me sens si seule si mal si loin des autres"
12,Mes Pensées,4:24,"Moi j\'suis toujours froid  Je n\'sais pas faire un pas de danse Pas de chance  Nul ne sais pourquoi je chante  A quoi je pense Au rodéo quand la police me fermait l\'angle En garde à vue, mon propre sang me servait d\'encre Malgré les mains qui se tendent  J\'ai souvent mal quand je pense A tous ces frères que je perds  A toutes ces plaies que je panse Ceux qui dénoncent la culpabilité de l\'autre Je pense aux morts et à la guerre A la stupidité de l\'homme Je pense à un pote que j\'ai perdu, disparu en jouant les dingues J\'ai plus qu\'une photo d\'vacances de Juan les pins ! J\'repense au terrain vague Ça jouait au foot jusqu\'a s\'en faire du mal Seule la nuit pouvait siffler la fin du match  J\'pense à la taule pour Akim et izaka A me casser de là parce que franchement ici ça caille  !! Je pense à dieu à faire en sorte qu\'il me préserve Ouais, je l\'avoue j\'ai peur du sors qu\'il me reserve  Alors je pense à mon enfance, le hip hop , les larcins L\'école du parc aux Ulis  Olive et Tom sur l\'A5 A ma vie qui bat de l\'aile Aux traitres aux Hypocrites Aux jaloux qui tapent de l\'œil qui taffent pour 10 balles de l\'heure J\'penses à l\'école à la prof au tableau  A la craie perdue au fond d\'une classe à la traîne... Aux acrobates qui traversaientt la ville en roue  Une pensée pour les morts ceux qui nous ont quitté en route   Mais putain comment te dire que tout va bien si tout va mal J\'ai le cœur le plus niqué de tout Panam J\'ai les mots les plus touchants du macadam  Ouais, j\'ai ce flow ce putain de vague à l\'âme...  Mais putain comment te dire que tout va bien si tout va mal J\'ai le cœur le plus niqué de tout Panam J\'ai les mots les plus touchants du macadam  Ouais, j\'ai ce flow ce putain de vague à l\'âme...   Je refais le monde avec un stylo dans la poche  Quand je pense je vois mon oncle avec un tuyau dans la gorge Je pense aux frères qui ont tirés qui ont té-cal A séquestrer les 2 huissiers qui m\'ont virés de mon tier-quar Au 31 le voisinage faisait la gueule  C\'était l\'époque où les bollosses en file indienne faisaient la queue Je pense à ces brassards qui veulent me lever dans mes draps Quand ce poissard d\'amis d\'enfance a failli crever dans mes bras Les années passent, je pense à cesser la musique A la douleur de nos darons qui se sont baisés à l\'usine A nos banlieues qui se consument aux raz des flammes  Voyant le monde, c\'est pas demain que PPD fera des blagues !  Je pense aux miens qui doivent attendre pour être conditionnables Aux chiens qui peuvent confondre le commissaire et le confessionnal Ça finit mal quand la police part à la pêche Alors je pense qu\'il est grand temps de m\'arracher à Marakech Je pense à ma cité qui part en couille de jour en jour Ce maudit maire qui démoli tous nos repères de tour en tour Je pense à ma vie mes espoirs et mes projets Mes histoires et mes procés  Mes victoires et mes trophées Frère, Tu vas comprendre à quoi j\'pense  On va faire simple A être bon et généreux A la prière à en faire cinq   Mais t\'en fais pas, c\'est bientôt l\'heure du debranchement Mes douleurs sont des paroles et mes pensées sont des pansements...  Mais putain comment te dire que tout va bien si tout va mal J\'ai le cœur le plus niqué de tout Panam J\'ai les mots les plus touchants du macadam  Ouais, j\'ai ce flow ce putain de vague à l\'âme...  Mais putain comment te dire que tout va bien si tout va mal J\'ai le cœur le plus niqué de tout Panam J\'ai les mots les plus touchants du macadam  Ouais, j\'ai ce flow ce putain de vague à l\'âme...  Quand je suis tout seul le regard posé au loin Perdu dans mes pensées la tête entre les mains Quand les souvenirs te poignardent Quand la vie nous fait du mal que la joie est injoignable S.i.n.ik Six O Nine  Le cœur le plu niqué de tout Panam..."
13,Le Mot de La Fin, ,Pour commencer je dédicasse a Karim et a Nabil  Le seul moteur de ma rime six ô nine pour la vie  Nous c'est une histoire de fou retour en 2001  Petit dealer au 31 j'fesait du rap en demi teinte  Mon avenir je le voi floue les bollosses le tatoue  5 ans plus tard je rappe et pour etre franc je leur doit tout  Que dieu protege leur vie leur ame et leur amis  Les potes leurs proches leurs femmes et leur famille  A tout ceux qui m'on aider tout ceux qui m'on suivi  Deufa Masta je n'oubli pas misssion suicide  A la prod a l'area reconaissait que c'est la classe  Avancait le rap francais kilometre est dans la place  Dédicasse a mon bedo a la zup a la zep  A Moussad jeune café toujours a droite sur la scene  Dédicass a bichon toujours op pour bouger  Inch'allah 280 au déveloper coucher    Bakeurs et ambianceurs Djey Carré secoue les gens  Dédicass a mon dj le meilleur de tout les temps  A tout ceux qui nous soutiennent qui sont la depuis toujours  A Yanik a Pierre a Bilal a Boom Boom  Dé Zinaï un gros big up a toute l'equipe de Street Live  Big up a Esser a Mounir et a Tyran  A Chinois a Will Star a Street Fab et a Ivan  Dédicass a Reeno R2 tout en sachant  Qu'a une epoque je n'oublie pas qu'on rapper tous dans sa chambre  A Wilfrid et sa famille Christophe et a sa fille  Les annés Los Monzas les plus belles pages de ma vie  Dédicass au 9.1 au Ulis au Bergeres  Une speciale au 2.6 et tout les freres au terter  C'est dicasse a Ariat toujours op pour zé-ti  Gros baleze au grand coeur petit clein d'oeil pour Cety  Tandem et L'Skadrille l'independance c'etait chez vous  Aprés le show le club et la chicha de Dj Boudj  Dédicass a Florian pour tout ce taff accomplie  A Sebastien Katillon car lui seul ma compris  A Fred de skyrock a Julien a Thierry  Apour tout ces gens grace a qui j'existe  Ceux qui m'encourage a sortir des disques  Ceux qui m'soutiennent ceux qui m'suivent  A chaque fois a chaque pas ceux qui m'aime pour ce que je suis  Ceux qui compte a mes yeux ceux qui m'oblige a bien faire  Ce qui sont pas dans la lumiere  Je remercie tout ceux qui un jour m'on tendu la main  C'etait le mot de la fin
14,Pinocchio,3:46,"Tout commence à la naissance  Te faire croire que l’on va tous dans le même sens, que l'on a tous les mêmes chances  Ils m’ont dit, compte les moutons et Morphée viendra te bercer»  Mais ça paye pas de faire le berger  Ils m’ont dit, mec, bosse ton bac  T’as aucune chance dans la chanson, pose ton mic  Que la vie était belle, ils m’ont dit, qu’est-ce t’en pense toi?  J’ai répondu, Franchement? Pas chez moi peut-être sur France 3  Que des biz de flûte, que des disquettes  Que si on me tire dessus, fallait juste faire le 17  On avait pas la vie devant nous, qu’on était pressé  C’est pas la vérité mais leurs mensonges qui m’ont blessé    Ils m’ont dit tout bas, souris, y a de l’espoir  Ne baisse pas les bras  Mais les vendeurs de rêves  Moi je les écoute pas, je fais ma life  J’avance avant que mon grand cœur ne saigne    Je voulais trouver du taf, ne pas flancher  Certains m’ont dit, peut-être, si Dieu le veut, reste branché  On m’a dit, Cette année les vacances seront faussées  C’est faux mais ça passe mieux que ""C’est mort, on est fauchés""  Je voulais sortir un peu, boire et spliffer  On m’a dit ""Impossible enfoiré, soirée privée""  Au cœur du cyclone  La cité, c’est mon daron qui m’a mis dedans c’est pas les cigognes  C’est clair que l’on t’a menti, de la gruge  On t’a dit ""Donne des blases et la juge sera gentille""  Ils m’ont dit ""C’était une de perdue, dix de retrouvées""  Y a que des meufs hots, je cherche encore les neuf autres  Leurs conseils ne traînent pas, lève tes savates  Ils m’ont dit ""La vraie vie c’est cravache ou mets des cravates""  Chacun aura son heure, fuck ces menteurs de merde  Faut écouter son cœur pas les vendeurs de rêves    Ils m’ont dit tout bas ""souris, y a de l’espoir  Ne baisse pas les bras""  Mais les vendeurs de rêves  Moi je les écoute pas, je fais ma life  J’avance avant que mon grand cœur ne saigne    J’ai vite compris que l’homme mène en bateau  Beaucoup m’ont dit ""T’inquiètes, tu sais bien je te les rends bientôt""  Que même un père qui t’aimait pouvait mentir  Je vous jure c’est pas la soupe mais les épreuves qui m’ont fait grandir  On m’a dit que c’était mort, le message devient navrant  Que le rap c’était mieux avant  On s’est dit ""Restons potes"", ça passe mieux que ""Je ne t’aime plus""  On m’a tellement vendu de rêves que je me lève même plus  C’est clair que l’on m’a trahi, trop de souffleurs  Je suis né dans les soucis, je ne viens pas du cul d’un chou-fleur  Que l’espoir faisait vivre, vraiment trop simple  J’ai plus confiance en mon chien qu’en mon prochain    Ils m’ont dit tout bas ""souris, y a de l’espoir  Ne baisse pas les bras""  Mais les vendeurs de rêves  Moi je les écoute pas, je fais ma life  J’avance avant que mon grand cœur ne saigne    Ils m’ont dit tout bas ""souris, y a de l’espoir  Ne baisse pas les bras""  Mais les vendeurs de rêves  Moi je les écoute pas, je fais ma life  J’avance avant que mon grand cœur ne saigne"
15,Au bout de ma life,3:20,"J'comprends ceux qui prennent de l'herbe, pour la cause  Car la vie c'est Moltonel, elle est rose ou pleine de merde  Pas méchant, j'rêvais d'un monde à mon goût  Mais si je tire, comme Oscar, j'prendrai mes jambes à mon cou  J'affronte la vie comme un deuil  Je fais des demi-cauchemars parc'que je n'dors que d'un œil  Au cœur d'un monde qui fait peur  J'vois les sœurs qui portent plainte  Les violeurs partent au taf aux heures de pointe  Pas dans un rôle de cinoche  La vie c'est Ford Mondeo : beaucoup trop longue et si moche  Entouré d'profiteurs, homicide ou crime d'honneur  Auditeur bienvenue dans mon film d'horreur, dans ma tête j'les emmène  La gamberge, mes amis, mes ennemis, mes amours, mes emmerdes  Une partie de Black Jack  Dans un monde où le poto meurt plus vite que les photos sur Snapchat    J'suis au bout d'ma life  À deux doigts de craquer  J'suis dans des bails de malade  J'vais tous les braquer  J'suis au bout d'ma life  À deux doigts de craquer  J'suis dans des bails de malade  Solitaire et traqué    Épuisé de faire semblant  Tous les jours les portes se ferment  Forcené recouvert de porcelaine  S'il fallait tirer un trait à chaque fois qu'un pote part  Je deviendrais dessinateur de code barre  Tu connais ma prudence, la police, les prud'hommes  Faut que j'aille voir ailleurs si l'herbe est plus bonne  Mon pilon, ma piscine, pour décor la Corée  J'me fais des visions d'horreur, dans ma prison dorée  Convaincu qu'personne m'aime, je mène la vie à Putin  Le regard noir, toujours en guerre, la routine  Balafré, sourire cheum  Enterrer sa vie de garçon pour nous ça veut juste dire mourir jeune  Une odeur de roussi, alors je plane  Tellement de 'blèmes dans ma tête, je mange à Planète Soucis  Juste un frère à bout d'nerfs, en roue libre  Kalashnikov sur le dos, venu pour faire un bowling    J'suis au bout d'ma life  À deux doigts de craquer  J'suis dans des bails de malade  J'vais tous les braquer  J'suis au bout d'ma life  À deux doigts de craquer  J'suis dans des bails de malade  Solitaire et traqué    À part mes cicatrices, je ne regrette rien  Boom, flingue, avocat, stop la vida loca  J'ai fai du sale et j'ai fait du bien  Gros shlass de Star Wars, rendez-vous au parloir  Ils veulent trinquer à l'honneur de ma fin  Ok ok, tout ça on verra bien  J'ai pris des coups, j'ai pas lâché l'terrain  Bang bang bang paw, Lartiste et l'assassin    J'suis au bout d'ma life  À deux doigts de craquer  J'suis dans des bails de malade  J'vais tous les braquer  J'suis au bout d'ma life  À deux doigts de craquer  J'suis dans des bails de malade  Solitaire et traqué"
16,Contradictions,4:05,"SINI-Kalash  Six'O'Nine  Immortel II  13 avril 2015    La drogue nous a baisé la tête, ma parole  On respecte les grands de la tess, on parle mal à la daronne  Parfois on rit du mal, ridicule, on met des armes  Dans nos clips, on craint plus Dieu, on flippe du tribunal  Des fois je comprends plus l'homme, il aime sa go mais tape du poing  Pour lui la carte fidélité sert au kebab du coin  L'enfer il s'y promène, mains dans les poches  Il a les clefs du nouveau Porsche mais il préfère voler des Citroën  Ils interdisent le joint, preuve à l'appui, pour l'avis des gens  Pourtant ils vendent du vin depuis la nuit des temps  Alors ils signeront  Mon arrêt de mort  Parce que fumer ce n'est pas bon pour la santé, parole de vigneron  Aimer peut faire du mal, en cachette, allez ré-pleu  Femmes battues, elles s'encouragent, ""allez les Bleus""  Avoir un prince charmant, elle te rabâche avoir ce triste but  Faux, elle ne s'attache qu'au roi des fils de putes    Au royaume de la triche, vie paradoxale  Riche grâce au crime, au football ou à la boxe thaï  Spliff à la bouche, nique tous les honneurs  Tise comme un ouf pour être ivre de bonheur    Au royaume de la triche, vie paradoxale  Riche grâce au crime, au football ou à la boxe thaï  Spliff à la bouche, nique tous les honneurs  Tise comme un ouf pour être ivre de bonheur    Ici on parle comme des bénévoles  Limite pâles, on prétend que c'est la crise  On met mille balles dans un téléphone  Des hommes en chute libre, en vrai ça survit  Des durs dans leurs clips pendant que leur mère mange que des Curly  Je ne cautionne personne, l'Homme est maître de lui  Ouvrir le feu est aussi bête que d'y mettre de l'huile  Ils parlent de liberté, font de la dictature  Demain si je vous baise, m'en voulez pas c'est une caricature  Ambiance parano, aucune tendresse envers sa mère  On dit ""je t'aime"" à des putains, on n'en pense pas un mot  J'ai peur de ce qu'elle devienne  Elle ne couche pas le premier soir  Pour faire la 'tasse elle attendra l'deuxième  On le sait désormais, tu perds la vie en garde à vue  Aucun voyou n'est plus dangereux que le Quai Des Orfèvres  Ils parlent de l'Islam, polygame  Tous des faux-culs, la première dame de France est cocu    Au royaume de la triche, vie paradoxale  Riche grâce au crime, au football ou à la boxe thaï  Spliff à la bouche, nique tous les honneurs  Tise comme un ouf pour être ivre de bonheur    Au royaume de la triche, vie paradoxale  Riche grâce au crime, au football ou à la boxe thaï  Spliff à la bouche, nique tous les honneurs  Tise comme un ouf pour être ivre de bonheur    Quand on est jeune on veut rapper sa ville  Paradoxal, rester ici à 35 piges s'appelle rater sa vie  Bagarre au verre pilé, faut assumer  On dit aux p'tits de pas fumer, ce qu'on préfère nous c'est les faire dealer  Ils prônent la peine de mort, ces fils de chien ils ont le même harnais  Ils coupent la main qu'ils ont eux-même armé  Donc ils crient ""Liberté, port d'armes""  Les Kalach deviennent moins rare que certaines Jordan  Yeah, de quoi souiller son linge  Contradiction  C'est le frère dans l'addiction qui parle de Dieu en train d'rouler son oint-j  Pas de raisons valables  Contradictoire comme un Le Pen au rayon halal    Au royaume de la triche, vie paradoxale  Riche grâce au crime, au football ou à la boxe thaï  Spliff à la bouche, nique tous les honneurs  Tise comme un ouf pour être ivre de bonheur    Au royaume de la triche, vie paradoxale  Riche grâce au crime, au football ou à la boxe thaï  Spliff à la bouche, nique tous les honneurs  Tise comme un ouf pour être ivre de bonheur"
